image,bus,car,van,total,output
tyoto_minivan1239_png.rf.12e049581e24f8afa8574a1099b62eb4.jpg,0,0,1,1,van 1
-611BF23F-5A2C-45D6-A4DC-033938DD1CA5-png_jpg.rf.6436fbd4d5c80a4725c504948d596409.jpg,0,1,0,1,car 1
bus-188-_jpg.rf.580dc27447b98992c9bd12d3315e3266.jpg,2,0,0,2,bus 2
Screenshot-2025-03-31-213123_png.rf.3152755ebb477e4361223667761b4444.jpg,0,5,0,5,car 5
-C4FB6EE5-2134-4252-A3E7-FCE53E7F5D62-png_jpg.rf.e92d0b8214cd5b79015976f0afd93828.jpg,0,3,0,3,car 3
bus-218-_jpg.rf.37f00855e10ce5543c175350c573f04a.jpg,1,0,0,1,bus 1
Screenshot-2025-04-02-152051_png.rf.192dea00549fd206c909b2bd08257d82.jpg,0,0,1,1,van 1
-0FB0E465-1451-4618-84CD-1A1A88293B08-png_jpg.rf.c8ef832da612e0b817718cd4242064e0.jpg,0,1,0,1,car 1
-2846226C-6A55-4876-B717-7F8A5FA4E560-png_jpg.rf.94c50b9a3890930ae4357a9c5eb888a2.jpg,0,1,0,1,car 1
